Rainfall_Intensity,Drainage_Capacity,Impervious_Area,Flood_Risk
74.91,26.17,57.2,51.19
190.14,24.7,80.54,96.05
146.4,90.63,76.02,56.75
119.73,24.95,15.39,56.84
31.2,27.19,14.92,25.81
31.2,75.94,26.82,13.56
11.62,44.97,36.11,18.62
173.24,77.67,40.85,59.17
120.22,6.54,67.97,79.49
141.61,48.76,5.67,49.43
4.12,3.36,3.47,25.99
193.98,6.27,39.19,90.72
166.49,90.64,69.72,64.29
42.47,13.92,19.34,36.93
36.36,53.24,64.15,35.89
36.68,41.11,25.98,24.71
60.85,34.73,88.61,54.59
104.95,89.98,89.57,49.15
86.39,2.18,29.73,61.18
58.25,66.38,23.0,22.68
122.37,96.34,41.13,35.11
27.9,56.02,24.05,18.0
58.43,93.68,67.24,25.67
73.27,5.23,82.61,70.85
91.21,41.88,67.31,51.67
157.04,26.02,82.44,89.31
39.93,73.08,39.7,19.12
102.85,98.13,15.63,23.68
118.48,25.65,73.8,68.23
9.29,65.42,36.05,16.28
121.51,19.81,67.13,74.99
34.1,56.53,27.06,22.88
13.01,46.39,8.12,10.63
189.78,97.2,99.26,73.71
193.13,60.85,15.62,57.4
161.68,34.95,98.84,87.86
60.92,11.41,97.73,72.08
19.53,15.12,79.38,52.51
136.85,22.53,65.94,75.9
88.03,25.1,57.78,55.68
24.41,85.06,86.61,29.16
99.04,56.12,28.94,40.72
6.88,52.34,46.77,15.04
181.86,11.48,61.94,93.73
51.76,86.01,41.12,19.89
132.5,72.28,42.75,51.92
62.34,6.77,33.03,47.17
104.01,70.78,56.42,35.75
109.34,54.35,85.06,63.02
36.97,8.17,20.15,39.57
193.92,45.83,93.44,86.71
155.03,48.47,68.91,69.1
187.9,16.58,82.33,100.0
178.97,94.57,55.62,56.06
119.58,85.0,77.95,53.32
184.37,66.9,1.62,49.77
17.7,46.23,81.84,32.31
39.2,41.18,4.01,21.1
9.05,65.1,88.99,30.48
65.07,54.54,99.2,53.04
77.74,6.23,29.41,53.47
54.27,51.25,21.03,28.24
165.75,80.64,76.54,64.81
71.35,45.92,25.3,31.83
56.19,5.2,86.56,67.91
108.54,78.63,10.28,22.96
28.18,20.14,12.6,23.12
160.44,25.86,97.92,93.65
14.91,16.47,67.38,46.0
197.38,33.02,84.69,94.65
154.45,75.68,32.43,45.68
39.74,51.94,67.65,35.92
1.1,20.49,59.42,35.75
163.09,87.78,60.32,51.82
141.37,87.96,68.25,50.78
145.8,87.06,57.54,53.11
154.25,23.88,42.91,77.13
14.81,45.12,27.59,19.57
71.69,98.5,76.86,34.51
23.17,77.2,22.63,3.65
172.62,2.72,69.24,96.44
124.66,6.52,23.33,62.48
66.18,46.39,62.53,46.83
12.71,90.92,74.71,17.17
62.2,53.87,21.87,32.9
65.04,49.78,5.99,23.59
145.92,10.55,13.1,67.92
127.51,65.68,60.6,54.3
177.44,82.21,84.94,70.15
94.44,38.04,4.5,37.88
23.92,77.56,73.42,23.18
142.65,96.45,34.13,39.17
152.16,20.38,47.85,74.99
112.26,52.33,92.89,66.99
154.19,28.71,33.2,68.14
98.76,79.29,46.53,39.81
104.55,57.76,1.37,35.53
85.51,63.46,8.16,24.29
5.08,79.79,25.86,6.98
21.58,39.6,2.79,13.33
6.29,91.51,63.14,13.95
127.28,53.3,42.64,55.89
62.87,15.8,54.81,48.41
101.71,69.59,17.46,32.9
181.51,79.33,29.59,53.74
49.86,31.68,66.38,45.89
82.08,85.72,96.53,50.35
151.11,90.61,5.04,32.53
45.76,27.69,89.04,53.36
15.4,98.35,57.69,10.62
57.95,14.07,56.39,55.98
32.24,20.2,50.03,41.94
185.94,18.42,6.94,75.78
161.62,89.4,8.99,40.75
126.68,65.43,60.09,48.3
174.29,15.21,34.1,77.34
160.73,44.03,91.73,80.94
37.31,61.53,40.66,26.52
178.51,8.35,14.33,68.52
107.87,88.24,71.47,52.19
161.49,80.36,29.34,50.66
179.22,50.52,52.55,73.24
63.6,96.71,69.78,31.93
22.01,41.78,90.03,51.13
45.59,98.41,79.22,28.33
85.42,66.79,67.64,48.03
163.6,63.47,67.96,68.83
172.15,16.6,94.59,96.74
1.39,88.19,29.58,0.0
102.15,42.75,0.11,34.91
83.48,16.22,27.2,48.85
44.42,1.26,21.79,39.88
23.97,55.98,66.18,31.39
67.52,52.74,63.37,39.09
188.58,71.94,59.35,70.03
64.64,89.03,1.62,9.68
103.76,7.94,72.88,74.8
140.6,73.15,32.35,45.36
72.73,18.74,66.51,68.75
194.36,85.82,55.66,68.7
192.49,81.91,34.27,55.01
50.36,54.08,13.46,23.55
99.45,71.02,9.44,27.05
60.18,31.44,83.15,53.47
56.97,47.12,91.84,48.42
7.38,82.16,64.98,17.93
121.91,45.93,10.34,42.95
100.54,35.78,40.2,55.32
10.3,49.42,72.89,35.41
55.73,82.82,77.98,38.21
181.65,33.52,11.82,64.35
47.91,17.38,0.0,33.24
28.98,71.2,71.21,30.74
97.89,82.6,35.66,31.01
197.13,10.06,25.45,82.2
48.41,23.99,1.29,34.68
134.43,14.2,54.03,75.22
152.32,34.79,85.12,83.57
47.53,45.04,95.76,49.37
145.64,74.88,56.57,51.77
73.56,65.11,51.45,35.61
126.46,62.09,8.51,39.16
126.71,35.24,54.89,61.46
107.15,84.14,38.0,35.16
18.06,47.13,60.71,26.51
167.06,97.91,38.87,43.65
64.16,63.41,24.03,28.57
37.3,12.63,9.5,35.5
8.16,67.62,31.49,10.49
118.18,32.51,9.66,45.78
135.51,68.63,17.69,39.44
3.32,6.96,98.73,53.76
102.42,17.49,44.41,63.18
45.3,85.57,53.19,24.97
129.03,22.72,87.36,78.96
34.87,83.7,99.56,31.35
138.19,27.93,58.27,72.53
77.35,64.29,81.25,45.76
187.35,69.42,32.69,59.99
27.5,51.27,30.57,26.98
68.21,30.53,40.27,47.87
22.69,21.26,67.25,45.27
184.94,3.32,68.22,93.54
175.47,30.39,31.52,73.3
51.59,65.32,13.32,22.08
132.0,93.83,63.24,45.41
163.44,87.12,12.83,45.82
111.04,76.61,57.85,49.37
105.93,78.84,69.34,51.88
48.37,66.5,70.06,36.61
18.62,26.03,75.35,46.2
179.44,90.72,87.29,72.94
180.08,67.07,50.0,67.28
126.62,56.04,73.02,61.02
67.81,11.1,61.92,58.24
69.84,44.71,18.66,34.26
145.19,46.04,2.57,45.11
179.42,86.46,28.45,51.06
177.42,54.66,44.3,71.37
155.98,38.04,61.71,67.39
128.41,97.68,85.0,55.64
16.83,11.07,19.62,35.15
32.33,42.25,12.55,20.63
179.71,4.2,96.35,100.0
121.29,73.99,10.8,34.31
1.84,91.81,47.85,9.63
20.29,28.0,58.56,41.73
132.7,85.83,54.14,42.66
1.01,29.22,8.6,18.69
32.16,91.08,5.7,0.6
109.75,75.4,10.55,30.7
138.38,80.49,58.56,49.71
130.39,1.8,54.43,83.49
44.85,96.28,23.37,11.57
142.44,72.67,63.78,55.46
47.45,30.48,82.01,48.94
65.08,82.94,4.16,11.88
149.3,28.15,49.81,73.35
129.93,87.28,68.93,50.99
169.84,11.26,25.23,80.11
131.52,70.37,30.78,47.3
113.66,54.07,61.36,58.82
18.73,9.65,89.79,56.29
73.54,24.19,80.99,58.15
53.04,1.24,58.31,57.45
48.8,46.88,73.02,47.4
194.6,30.13,36.48,79.56
78.62,59.84,64.1,46.3
178.41,29.72,46.62,77.62
126.23,29.99,18.99,51.94
158.96,74.32,70.17,63.35
100.53,4.81,55.65,70.05
115.38,90.29,35.86,32.51
98.5,85.23,91.13,48.65
39.05,66.78,2.09,8.41
144.49,59.32,31.58,56.38
56.15,89.23,5.69,7.75
4.86,18.53,76.65,48.21
129.09,7.9,70.21,85.2
35.42,23.95,33.14,36.18
188.09,79.46,67.57,66.07
190.79,3.47,39.59,83.51
182.97,58.28,75.63,73.87
74.03,99.54,45.42,18.31
3.09,85.57,41.23,10.68
185.66,52.14,93.47,87.43
85.64,6.36,25.09,55.76
193.33,83.14,12.04,44.73
192.72,59.9,58.45,71.31
170.6,11.49,96.93,100.0
58.89,9.39,37.78,50.87
77.02,90.96,6.2,13.54
170.23,66.92,33.93,59.79
63.38,82.93,50.59,32.33
33.9,87.9,16.19,5.61
111.36,57.18,65.81,55.72
187.23,51.74,99.77,90.27
139.21,43.04,45.17,69.25
114.01,31.69,35.47,49.93
19.44,43.46,40.07,28.8
123.0,77.39,11.51,33.37
198.01,60.19,88.33,87.53
28.02,89.25,41.48,10.23
103.67,44.34,38.73,49.42
175.47,60.71,65.97,74.31
148.15,63.13,44.2,65.98
139.4,59.17,64.82,64.72
140.5,70.26,6.14,37.06
71.9,23.74,81.37,60.88
58.72,51.24,94.05,50.71
161.87,10.42,64.88,81.74
162.02,38.45,95.46,85.31
173.41,48.77,15.14,62.07
182.65,65.22,47.74,62.81
102.27,95.05,60.18,39.92
100.3,60.07,58.17,50.34
159.66,74.36,40.15,52.09
129.99,50.63,33.81,52.55
140.39,63.41,12.68,49.07
159.16,7.09,39.17,81.61
178.0,25.44,16.27,70.4
67.6,36.19,73.44,52.96
75.12,47.25,20.88,34.99
18.8,4.56,5.86,28.87
115.66,14.0,55.24,63.42
7.19,27.68,59.52,41.67
93.12,97.15,87.19,42.52
108.53,33.13,57.7,62.45
57.31,48.2,34.55,33.61
118.17,19.61,80.3,74.13
6.1,61.08,54.03,20.23
7.47,28.07,7.93,14.16
164.52,20.7,56.59,88.14
72.04,51.66,90.8,50.89
25.41,0.55,39.63,41.49
104.45,0.77,29.63,62.12
154.0,21.91,14.35,68.25
43.16,3.67,15.14,40.58
124.58,10.8,43.28,65.92
17.07,33.89,59.57,39.73
10.34,80.26,8.06,2.17
106.27,57.2,93.96,64.7
108.13,51.27,75.51,62.11
127.49,29.35,58.66,75.5
145.22,93.18,82.84,63.32
195.17,39.7,8.02,65.07
103.26,8.71,47.68,70.73
64.59,61.71,63.01,40.95
159.04,11.38,82.87,93.22
54.17,34.52,78.35,47.04
87.79,50.74,27.71,38.66
15.69,87.42,94.09,23.84
5.07,49.35,12.43,14.13
192.53,70.23,87.51,83.44
167.2,99.28,97.09,58.93
139.19,13.15,17.72,64.58
81.79,27.47,72.21,63.93
34.66,39.46,4.03,20.44
31.29,42.18,40.54,32.89
50.05,41.1,51.63,40.97
109.85,90.76,58.06,40.87
142.92,71.4,93.59,67.02
132.04,60.79,67.23,56.73
55.99,30.94,48.13,40.96
190.97,82.38,80.97,75.21
147.58,95.51,95.05,60.51
110.87,82.12,2.21,25.13
122.34,0.16,98.25,89.37
83.92,63.64,8.61,26.16
49.55,5.11,81.44,66.13
71.19,25.76,28.03,43.11
151.57,5.95,13.22,65.38
2.88,60.38,43.99,19.17
23.21,68.66,64.4,25.4
9.2,11.45,38.1,35.51
8.15,38.38,5.46,19.26
171.09,45.62,59.95,74.69
140.73,36.91,90.24,80.13
94.83,12.1,38.32,55.68
19.57,41.89,21.63,20.82
98.32,75.12,44.26,39.98
94.69,7.1,4.84,45.7
34.64,8.02,82.05,58.51
86.77,35.48,82.63,62.56
79.7,94.17,58.8,30.47
123.17,66.86,35.31,48.49
127.02,67.87,79.98,61.37
9.06,36.19,55.47,35.97
74.92,59.37,82.59,46.87
125.17,1.01,63.15,80.28
100.63,63.61,78.44,54.36
171.3,91.33,59.86,54.2
131.74,61.26,41.41,54.73
32.59,87.37,95.79,38.55
14.11,72.4,54.11,18.71
128.48,12.06,60.51,77.27
5.3,90.25,22.05,0.0
117.16,6.64,62.57,73.16
188.05,53.4,57.16,70.19
115.09,14.21,18.48,55.62
77.63,1.17,5.96,44.02
128.66,42.2,60.44,69.44
91.65,29.5,76.37,63.54
109.12,48.6,52.34,52.8
188.29,57.72,22.68,65.71
77.22,4.37,66.65,62.92
192.24,12.3,8.01,74.42
181.07,55.86,44.18,68.81
39.16,34.32,16.34,31.24
13.87,72.92,18.45,8.58
20.16,65.23,20.23,13.07
3.64,84.56,38.67,6.5
18.89,69.25,5.12,6.81
136.6,42.99,39.78,60.25
14.24,67.3,51.17,16.7
63.8,27.54,48.33,48.0
168.98,30.63,38.28,69.7
4.65,78.9,83.91,23.42
162.89,44.64,14.53,56.85
56.37,79.84,50.57,34.25
23.63,82.24,6.2,2.23
139.35,85.76,7.12,29.49
125.79,91.66,57.39,43.35
175.49,43.1,56.6,77.43
147.01,31.89,87.8,87.16
160.7,58.22,55.79,63.95
56.41,37.12,95.98,52.66
35.49,60.11,4.87,16.1
150.12,70.56,9.8,39.22
161.37,68.84,4.41,44.12
198.1,37.46,18.53,71.39
82.52,16.69,54.13,58.88
74.4,43.05,64.56,52.2
155.28,14.26,4.56,62.47
68.16,89.01,94.6,39.71
186.15,34.59,84.22,90.89
171.68,15.45,29.66,77.14
85.8,2.54,7.72,50.82
150.17,64.58,16.99,49.25
150.91,63.69,12.69,49.65
20.62,34.06,12.33,22.95
180.51,7.17,51.86,90.77
101.05,40.96,24.58,40.85
165.29,31.12,35.81,71.07
64.01,67.71,98.95,50.29
179.1,60.58,68.43,76.21
77.84,36.46,94.9,61.23
2.17,21.79,14.26,19.91
181.08,98.8,38.21,48.66
18.26,45.4,55.47,32.22
63.86,68.83,7.68,22.29
190.01,14.06,0.42,71.77
190.12,48.56,67.04,83.96
114.69,2.75,64.18,76.97
126.37,50.55,41.08,53.95
89.69,96.4,48.96,28.51
58.64,38.42,41.54,42.35
65.73,3.9,2.4,43.67
134.5,3.1,33.54,79.04
150.47,38.8,17.71,55.5
158.32,16.0,9.84,67.95
157.92,2.34,95.67,97.36
18.24,75.62,59.94,17.94
98.88,45.85,72.87,58.55
11.51,28.92,31.54,27.74
109.91,90.01,39.31,42.91
88.31,11.61,23.69,52.34
177.54,95.59,9.7,38.1
70.18,31.4,17.9,39.27
23.41,88.84,79.75,17.09
28.6,60.29,67.75,31.5
152.3,82.67,54.69,53.78
123.64,98.4,47.51,39.81
20.22,28.84,92.24,52.14
16.82,96.11,7.27,0.0
140.19,38.95,28.06,57.98
14.55,38.55,34.99,23.32
164.37,34.04,78.24,79.74
141.25,54.14,99.25,76.67
16.27,15.41,24.07,27.58
16.97,55.37,87.43,35.44
197.33,54.17,83.06,83.26
74.85,76.19,22.47,25.84
74.13,83.36,39.93,32.26
162.56,44.04,40.97,62.98
189.45,30.23,97.82,92.3
197.2,25.93,18.09,75.78
150.68,19.46,79.92,85.41
75.25,5.76,33.42,55.23
16.7,34.24,73.09,38.71
155.43,27.02,42.0,71.09
111.68,96.64,57.84,39.16
84.84,55.77,83.26,57.33
181.27,34.73,80.42,82.43
22.24,58.05,86.64,35.79
98.53,13.92,5.96,49.85
2.27,44.4,69.21,28.15
93.73,62.62,14.0,37.12
11.26,48.89,41.58,20.97
23.76,40.18,54.86,33.82
23.51,99.38,40.27,8.37
129.84,88.03,51.96,42.76
149.21,62.34,99.65,69.44
116.67,56.94,13.52,39.07
192.43,62.07,67.55,80.0
74.97,20.13,39.6,50.0
57.14,39.51,13.3,27.7
173.72,3.95,15.87,80.0
44.72,47.55,94.93,48.84
192.64,54.3,87.96,84.92
2.43,22.77,90.7,46.5
193.98,96.4,99.15,76.72
8.63,90.95,20.83,6.67
178.23,72.21,35.54,61.32
105.54,53.34,66.92,59.18
198.59,87.0,48.38,61.51
14.76,13.07,41.84,34.48
110.77,79.05,35.78,37.61
193.86,12.48,59.38,93.86
104.62,79.42,57.56,39.3
125.88,27.58,16.15,54.41
139.15,87.71,47.17,46.93
90.91,94.4,55.35,33.37
125.51,14.88,57.03,74.25
116.86,46.27,21.01,47.74
180.23,98.1,74.23,60.42
9.09,48.34,2.52,8.44
56.19,86.35,35.48,15.68
190.08,58.87,78.02,86.17
178.05,37.53,56.39,78.68
91.13,28.58,26.12,47.34
124.03,20.32,69.5,71.46
55.48,76.18,56.74,38.55
37.62,38.65,79.62,43.11
92.74,51.13,73.5,53.77
70.67,49.23,61.01,46.85
116.73,57.73,48.82,53.17
15.55,86.56,13.32,3.6
194.88,98.07,26.13,56.08
197.24,40.76,41.91,79.67
139.63,82.75,59.93,48.66
107.22,76.45,51.37,41.64
61.91,57.35,28.82,30.68
162.76,95.6,0.65,40.65
136.95,20.05,49.62,67.41
32.52,10.93,28.56,42.7
182.19,85.4,73.46,67.61
164.51,43.91,2.39,57.65
189.96,84.7,58.48,64.41
145.14,89.31,94.15,59.3
122.68,6.25,17.44,64.81
83.65,88.35,47.16,31.91
186.55,44.83,9.14,66.04
173.21,51.04,62.57,74.09
9.04,62.66,55.05,19.54
5.27,92.64,40.74,0.0
75.29,1.91,52.14,64.5
162.11,47.68,89.66,82.23
197.46,68.77,19.63,57.54
30.08,72.27,2.26,5.07
118.83,69.25,86.17,58.13
76.18,13.44,57.71,55.24
193.98,29.94,89.07,93.99
168.42,35.87,59.69,74.23
167.67,80.44,81.02,66.07
93.74,27.88,42.97,52.19
82.96,21.07,74.99,59.34
54.68,95.74,91.3,39.21
11.28,0.89,57.21,49.89
172.94,99.78,18.08,38.96
162.58,67.68,26.88,54.22
199.94,82.85,19.86,57.11
199.33,29.46,24.69,81.09
111.09,1.43,30.64,62.91
153.8,73.79,55.51,61.06
188.95,83.41,58.8,63.38
169.93,74.05,42.65,54.08
49.47,14.29,61.54,55.29
90.11,75.34,8.16,28.08
25.83,76.89,8.78,13.59
190.81,65.85,17.18,55.3
121.23,76.61,51.81,48.51
45.73,84.59,21.4,11.28
134.34,61.36,28.33,50.71
123.63,8.86,40.03,64.65
71.63,48.76,81.19,48.72
22.71,7.76,1.39,26.52
134.31,40.75,64.94,68.14
104.06,40.71,66.89,58.15
154.46,6.6,79.87,93.28
104.03,34.88,93.28,73.8
170.44,11.1,2.01,70.95
110.38,80.82,15.38,34.97
112.19,94.77,88.62,50.01
175.33,7.23,45.85,82.37
80.7,95.51,56.46,33.46
26.8,52.26,66.3,32.05
5.76,29.96,67.91,39.69
151.03,7.69,93.17,98.9
124.06,50.06,99.69,73.99
140.82,79.45,72.02,52.79
42.59,70.71,28.72,16.49
27.27,5.02,87.98,62.85
2.91,7.29,4.92,24.11
70.12,40.29,23.11,36.96
117.98,29.53,89.74,77.81
78.45,23.24,25.62,48.42
87.49,28.1,22.07,46.72
180.83,80.35,13.81,48.89
69.65,92.92,85.91,35.75
102.8,40.51,50.01,56.97
156.73,90.61,67.49,57.71
79.31,32.15,23.91,41.87
124.42,47.64,75.8,69.24
172.47,22.6,76.0,88.64
189.9,64.05,31.26,61.28
29.41,97.9,41.07,6.9
185.32,60.35,20.97,57.73
98.42,35.78,97.66,69.39
51.65,64.78,64.56,39.21
91.83,12.29,93.45,73.53
196.01,88.87,30.34,56.39
98.52,50.31,78.19,56.52
65.75,44.93,76.59,50.06
126.68,58.59,69.17,55.81
48.03,62.48,96.56,44.95
15.17,7.18,39.36,38.53
25.78,68.26,13.07,12.08
25.61,24.19,67.17,45.14
30.38,71.4,72.93,26.12
27.77,82.25,57.51,23.17
128.17,80.4,20.68,37.59
36.38,55.25,50.45,30.93
69.13,52.02,31.22,34.55
179.36,14.29,42.75,81.92
94.79,77.53,64.52,43.38
133.51,27.14,74.52,77.34
34.46,49.67,23.22,17.97
38.46,28.43,40.53,36.32
8.17,13.38,26.92,30.05
33.79,62.96,19.86,17.66
55.72,5.43,78.34,67.18
35.4,74.86,90.93,33.24
17.74,31.76,37.02,28.25
24.13,0.01,75.13,54.25
92.16,51.11,89.7,57.68
41.27,4.69,84.61,60.81
72.85,27.62,18.28,43.07
100.68,70.7,95.63,53.77
138.08,6.27,37.67,74.62
7.86,83.93,33.92,1.06
159.88,0.38,6.24,69.94
125.58,24.68,48.62,65.35
16.35,74.09,10.9,9.94
174.72,31.63,24.85,69.03
184.17,10.19,31.69,76.24
12.22,36.02,80.88,34.62
55.38,27.04,87.55,58.35
161.24,84.27,30.25,49.64
149.65,31.33,85.87,83.6
36.9,78.89,85.72,33.29
41.87,89.19,76.47,30.79
74.09,43.38,14.67,32.34
96.9,90.99,69.03,42.33
123.65,37.73,94.5,70.63
73.78,96.41,68.25,28.15
92.51,8.93,33.16,52.7
149.49,68.7,50.06,55.95
7.34,49.38,64.57,28.81
50.49,38.76,51.06,41.09
142.67,63.27,12.0,44.93
179.04,70.39,31.21,55.59
102.34,0.44,80.24,78.59
106.42,16.7,86.14,71.53
21.43,71.3,13.73,12.39
89.48,66.64,95.24,54.3
106.52,96.6,32.88,27.17
48.49,76.1,66.23,35.62
53.85,95.08,75.18,24.28
75.46,70.25,81.19,42.04
4.01,29.81,94.57,41.77
64.42,10.54,31.29,48.84
42.29,78.18,85.85,35.9
65.5,64.41,13.17,25.3
23.95,4.82,70.5,60.15
178.11,36.01,74.2,78.18
118.72,95.68,67.77,45.4
135.82,50.04,25.23,50.42
157.83,43.27,87.3,78.93
99.69,45.77,16.89,39.06
17.38,20.89,5.36,20.92
107.42,36.87,71.75,69.08
117.37,36.98,47.55,61.55
149.09,5.24,84.91,92.0
86.33,76.76,38.34,36.33
25.52,41.65,16.83,17.16
56.76,82.22,83.64,32.42
72.62,85.03,54.89,24.05
129.18,21.2,18.92,57.07
114.16,65.74,72.04,55.52
71.22,47.23,51.11,43.66
197.3,88.02,60.43,66.58
121.15,21.57,46.09,61.24
47.45,67.78,82.87,41.46
20.36,60.78,82.96,34.87
30.57,29.53,70.94,47.24
49.19,13.66,10.54,31.28
32.14,65.16,83.89,37.01
37.31,73.86,67.1,25.29
57.02,31.56,69.7,50.08
34.67,64.48,36.3,23.42
179.35,39.51,87.93,88.61
16.05,71.32,72.54,23.05
104.9,19.92,11.26,50.42
82.08,89.02,40.78,22.61
196.48,28.74,88.64,100.0
22.41,36.78,4.72,18.19
79.57,5.81,96.14,79.19
193.89,11.15,67.92,95.21
173.1,51.59,63.14,72.5
163.41,26.76,27.06,66.95
51.58,83.55,24.88,18.28
34.18,1.47,94.21,62.03
133.73,37.91,29.83,59.52
185.88,33.73,77.55,87.89
111.35,1.93,39.31,62.1
114.32,12.44,13.93,55.03
56.0,41.36,1.07,21.77
153.9,49.29,54.43,66.88
37.41,40.43,97.58,47.77
64.74,53.09,36.91,37.54
85.09,59.51,35.72,37.37
101.52,0.99,34.41,63.53
48.48,46.41,52.05,39.56
22.97,96.35,44.07,11.81
122.12,51.9,87.99,67.57
57.73,67.75,50.55,29.28
116.25,31.19,50.78,56.62
30.87,77.4,13.84,6.6
96.23,77.29,98.27,52.17
106.52,52.13,25.0,43.34
10.36,97.6,7.34,0.0
67.32,12.56,66.31,62.36
26.88,1.69,59.54,49.1
12.67,77.02,41.51,12.4
197.99,80.72,42.22,66.83
64.47,12.02,78.51,64.63
161.97,26.56,19.57,66.34
50.93,1.76,82.03,63.04
136.3,29.33,64.87,70.88
152.05,77.31,41.9,49.05
119.13,51.8,45.8,51.71
94.32,34.81,25.66,48.66
82.37,37.17,75.21,57.34
69.77,0.14,51.29,56.85
185.91,29.98,32.09,81.23
166.12,64.65,59.61,66.98
193.01,97.42,99.57,69.66
24.86,84.71,43.53,12.38
146.17,2.36,92.07,94.83
187.67,89.86,34.5,59.56
36.25,78.32,5.47,3.81
13.3,78.04,20.42,8.53
148.22,45.8,41.87,66.7
114.89,39.8,21.96,47.19
168.37,30.29,0.02,59.81
27.95,6.57,91.5,56.5
159.05,22.82,84.39,87.26
40.33,24.66,74.23,50.56
32.73,48.41,16.78,23.12
32.85,74.74,12.04,12.92
162.91,47.38,6.76,52.53
133.04,5.78,72.4,77.32
104.61,95.78,92.88,47.55
71.77,94.27,43.05,23.93
175.44,78.52,11.91,48.85
78.49,99.13,51.24,24.72
163.32,54.45,34.88,61.58
87.83,96.28,37.48,29.55
75.39,7.56,62.13,64.26
92.54,36.57,71.87,58.89
60.28,22.54,11.06,35.35
149.52,19.58,3.56,60.05
100.54,14.08,99.43,84.53
46.44,62.24,23.27,21.25
179.91,78.13,5.38,47.35
76.78,57.83,18.99,29.15
108.71,14.7,3.9,54.4
181.29,81.11,39.18,63.36
124.85,63.6,80.24,62.82
23.38,38.82,34.12,27.96
187.97,67.41,44.42,66.34
125.54,25.99,67.56,64.74
66.98,34.52,50.89,49.16
27.85,91.75,86.14,25.9
158.81,29.05,86.6,87.42
124.01,47.0,0.99,40.05
106.69,89.01,77.8,44.79
178.78,70.77,46.07,61.67
157.72,6.22,98.88,100.0
30.33,14.73,48.32,42.22
62.34,0.78,98.69,79.99
49.7,63.09,75.46,40.38
148.79,44.77,24.86,53.78
6.71,13.43,53.84,38.62
113.98,95.79,99.21,50.31
152.49,52.97,85.75,68.43
175.35,24.19,9.74,72.82
68.42,50.06,70.64,49.85
164.25,67.96,34.56,57.82
22.13,7.62,0.7,29.02
169.29,27.47,40.35,70.73
25.5,80.7,23.48,7.54
79.46,45.97,81.89,58.51
159.46,54.66,33.73,56.52
29.98,43.28,82.75,35.83
45.85,4.39,0.06,35.51
144.45,16.57,30.78,68.57
144.01,44.55,24.12,56.52
128.23,20.92,23.36,62.61
138.79,5.0,6.82,66.06
108.54,84.36,18.71,30.1
50.36,98.12,55.55,23.18
69.14,79.31,29.14,18.99
36.32,85.38,41.74,17.6
181.69,24.2,37.69,80.62
116.68,96.06,87.59,45.48
80.17,19.69,90.53,64.43
92.4,95.14,49.3,28.25
189.46,99.48,33.02,48.83
30.67,71.17,10.68,12.22
117.25,98.11,95.34,49.21
101.18,56.95,6.02,31.05
122.29,25.95,29.77,57.07
3.62,43.7,29.81,22.3
174.42,59.36,32.04,61.58
186.42,7.31,16.43,79.14
113.03,62.23,78.32,57.73
139.33,98.12,12.25,34.52
184.5,19.01,63.49,87.51
141.45,79.26,12.38,42.4
30.51,90.79,7.05,1.93
115.26,94.37,90.94,50.03
121.34,96.01,19.01,36.08
84.83,52.15,82.13,52.05
147.29,97.73,54.46,45.47
186.87,75.73,7.79,47.34
185.11,16.17,95.54,100.0
90.17,47.69,24.7,45.1
22.65,71.83,85.96,36.56
196.97,24.73,16.88,79.83
167.78,64.06,85.39,74.37
24.93,66.66,1.32,5.98
184.17,16.27,51.18,81.75
173.98,56.51,76.94,82.97
103.77,77.16,93.48,56.05
118.26,49.89,90.92,66.77
79.8,1.21,81.96,77.1
10.95,0.9,88.82,53.23
67.04,35.7,19.92,37.8
160.57,92.62,28.42,43.34
0.93,22.87,28.9,27.73
66.7,63.44,37.71,31.45
79.63,22.21,39.33,47.09
107.48,32.17,54.46,60.52
183.97,84.8,15.99,52.55
69.27,72.89,69.12,38.73
69.39,9.54,16.76,48.49
147.5,42.87,31.03,56.8
90.44,2.92,50.33,65.24
44.92,48.09,79.64,42.92
90.49,66.24,73.95,51.07
28.17,11.85,64.55,49.14
35.28,28.89,15.58,30.96
99.67,39.78,54.7,58.56
83.79,91.95,8.74,18.39
182.97,99.33,37.74,51.38
72.48,4.49,41.35,53.83
116.12,76.1,3.98,29.86
126.45,37.17,27.4,53.45
2.62,39.25,95.56,40.37
132.71,75.43,95.36,62.89
35.61,91.84,35.23,8.4
192.21,95.09,4.31,38.19
29.73,57.71,17.91,15.12
82.92,35.71,39.22,47.78
17.07,78.75,94.78,26.14
199.37,25.1,14.12,75.85
100.44,56.41,76.35,61.82
119.08,35.86,10.87,51.26
13.42,65.66,98.13,40.14
149.99,24.04,38.16,71.25
41.98,19.16,77.52,57.78
179.61,91.82,34.26,49.19
41.03,10.18,62.77,50.77
38.14,50.6,19.2,14.38
7.31,22.09,14.6,26.89
94.41,3.89,93.81,84.6
112.97,3.6,91.76,82.97
13.14,17.52,88.75,49.66
155.11,86.68,62.54,53.24
90.66,28.25,80.83,66.66
104.88,95.05,6.9,23.83
88.15,58.16,33.48,33.07
80.15,43.66,31.37,42.12
111.93,58.01,63.56,53.81
31.05,51.67,35.6,25.79
36.39,75.88,14.85,12.48
172.36,28.25,59.65,81.05
189.22,35.31,81.44,90.32
74.66,89.41,38.21,23.52
54.15,94.65,13.23,11.34
128.8,89.26,19.67,34.7
81.75,41.94,23.75,40.21
5.08,78.04,29.99,2.55
31.23,47.63,64.28,35.08
143.19,49.75,60.09,68.11
131.78,20.47,69.61,76.51
5.42,59.11,36.25,17.63
44.39,18.61,82.4,62.02
46.21,33.16,20.41,34.99
134.38,85.5,46.9,45.42
3.94,20.71,80.09,42.33
20.82,7.12,18.02,26.23
159.98,6.9,10.99,70.18
35.71,94.08,88.37,26.55
130.55,50.69,34.29,54.44
47.64,40.94,68.39,44.2
19.89,81.09,2.53,0.0
48.63,83.58,69.0,23.6
144.45,33.22,31.61,60.12
171.14,69.36,5.57,49.78
166.04,77.11,60.98,66.85
79.44,65.47,24.08,29.78
133.62,15.16,38.68,70.01
41.0,87.59,8.06,8.63
58.63,53.91,14.72,23.21
179.27,28.25,29.8,75.1
2.6,42.52,8.98,10.22
17.1,3.76,91.08,60.1
41.58,12.79,0.6,32.43
5.31,76.55,48.39,13.77
36.29,0.0,12.32,36.76
116.61,41.66,30.77,53.79
84.28,52.25,92.61,64.63
178.53,5.46,16.17,75.06
163.49,97.31,96.58,63.69
68.36,22.61,20.58,42.83
51.88,30.42,74.16,54.06
75.94,30.39,54.67,50.53
118.06,23.04,88.45,69.1
53.61,0.15,55.4,61.76
124.83,72.93,53.46,51.62
81.88,96.68,19.55,12.21
110.41,22.43,16.62,50.89
87.23,66.3,91.65,58.26
58.89,74.19,32.78,28.13
189.69,84.84,37.21,60.6
152.72,42.26,75.98,75.49
28.02,30.29,33.88,32.43
173.69,32.53,95.21,91.35
97.49,71.26,73.79,52.21
178.91,81.68,59.74,60.55
159.97,18.16,88.09,88.66
85.04,37.09,4.96,39.33
4.49,90.19,25.71,0.08
53.74,80.67,46.5,28.41
108.33,98.49,22.7,23.16
126.7,75.42,74.39,55.45
51.58,39.32,91.92,51.15
27.87,59.06,42.38,23.94
166.99,66.1,34.21,53.15
196.88,7.85,96.16,100.0
105.14,54.45,44.49,43.67
34.34,70.93,48.9,25.39
54.46,16.73,35.16,47.29
3.68,78.06,90.95,20.28
182.86,58.38,56.9,76.23
23.55,95.22,76.22,27.29
115.3,4.24,81.18,81.79
54.81,26.53,34.18,39.28
110.84,60.16,43.37,55.53
130.28,29.66,84.85,73.4
165.95,71.44,36.33,56.0
41.28,75.9,79.39,33.66
2.2,10.25,94.1,55.87
27.38,51.39,62.32,34.16
180.0,50.89,74.16,78.3
174.78,36.93,80.51,82.81
119.48,93.29,84.5,49.02
120.1,82.75,39.51,36.8
133.01,69.72,5.13,37.53
35.07,71.43,40.19,18.84
182.88,46.17,67.38,75.74
83.75,92.1,45.04,31.63
76.63,69.46,74.9,42.53
103.78,72.9,35.7,33.98
9.39,86.17,63.47,14.69
33.26,27.41,18.64,30.07
147.61,80.71,74.94,54.4
16.56,19.52,54.57,40.67
120.63,34.53,20.41,49.04
49.07,33.56,29.19,40.46
77.86,97.85,74.86,35.14
57.74,85.65,48.26,22.86
71.13,70.12,21.6,22.95
143.81,72.71,96.73,68.28
59.42,56.21,71.51,45.0
113.28,94.71,95.71,51.28
95.21,49.63,42.71,45.82
132.73,38.05,47.51,63.08
187.37,16.3,89.8,98.19
146.51,78.62,52.5,51.92
42.99,73.44,70.73,25.5
6.24,38.44,25.22,23.13
52.45,2.52,44.67,53.92
119.02,83.9,12.34,28.07
10.29,1.14,20.6,39.73
99.27,70.37,0.09,26.35
119.37,97.03,3.93,19.7
66.85,43.77,97.73,60.93
154.18,23.5,24.24,68.19
21.32,70.49,66.33,26.59
15.03,81.71,83.91,23.73
145.64,54.64,55.07,63.99
99.1,96.7,15.31,20.12
137.68,5.17,72.81,86.55
86.97,50.48,60.03,43.66
49.28,71.85,73.13,33.6
163.82,86.26,76.97,67.89
159.88,17.93,97.54,91.87
138.94,80.0,57.36,50.05
54.43,55.27,34.16,28.83
118.05,39.66,64.85,60.09
72.19,13.17,6.84,35.77
18.32,86.53,89.74,25.27
183.46,15.73,11.94,74.62
27.36,30.98,32.78,31.22
190.05,29.0,81.57,92.86
89.2,87.14,59.73,36.11
37.03,67.27,39.36,25.47
108.38,79.67,47.34,39.65
174.59,25.05,85.45,89.99
146.44,62.49,34.0,52.3
161.31,57.17,86.96,78.01
131.76,83.28,8.81,37.3
138.46,90.61,77.68,52.31
169.84,1.22,84.75,99.51
49.93,67.4,18.18,20.2
97.88,5.18,43.03,61.23
44.24,54.89,16.55,21.89
197.53,28.76,70.66,87.59
188.81,30.68,53.53,78.03
7.89,35.3,63.53,35.23
141.12,62.13,19.65,46.04
185.05,33.4,21.17,71.5
36.12,73.27,4.15,8.54
113.59,40.45,32.21,48.81
183.1,6.84,55.97,91.45
6.79,78.38,85.79,20.87
139.48,28.58,66.69,78.71
59.47,43.28,43.54,35.07
184.88,68.54,95.31,80.63
194.21,33.25,71.92,86.63
188.85,5.66,93.02,100.0
94.84,37.39,52.76,53.24
172.41,94.44,25.89,44.11
168.91,64.17,5.28,52.16
63.82,67.15,72.61,40.68
165.78,63.23,12.13,52.82
7.4,19.9,30.28,26.26
119.25,41.83,53.25,55.32
46.0,75.09,56.44,27.73
24.11,10.14,60.06,46.16
15.39,27.79,16.63,25.95
139.26,27.63,37.97,65.4
67.97,43.2,61.72,47.98
144.95,98.04,96.98,54.5
13.07,6.75,72.76,55.04
63.06,51.87,92.26,51.98
107.9,17.94,76.22,74.88
158.14,97.07,59.17,48.82
63.75,11.33,19.2,45.61
125.18,40.36,66.67,62.14
177.2,73.79,62.34,67.88
123.17,70.46,60.25,50.93
46.59,42.27,48.98,37.74
4.88,34.65,52.87,32.21
174.02,39.76,33.44,65.62
4.25,26.43,51.93,30.71
174.94,20.53,19.76,73.87
105.79,48.3,80.52,68.33
187.81,26.85,18.58,72.91
159.76,28.75,8.5,63.3
199.59,65.68,43.62,69.57
70.14,96.85,65.83,34.73
153.44,60.36,43.77,53.79
80.39,7.7,27.68,53.72
95.98,7.56,55.82,61.99
125.5,95.14,34.7,27.57
174.74,29.73,93.29,93.37
196.82,9.21,92.26,100.0
153.65,59.9,50.24,60.48
83.55,62.36,32.79,34.87
84.27,64.85,73.71,56.84
147.52,26.74,3.67,56.54
47.76,1.51,47.48,54.52
22.09,96.5,33.63,3.33
70.92,25.09,92.05,65.67
57.45,67.6,1.2,15.07
59.26,70.66,55.28,31.2
46.72,61.0,74.07,44.06
8.42,31.29,48.5,34.52
3.57,27.11,8.54,18.84
197.54,59.77,97.25,81.81
85.55,86.61,51.8,31.54
76.87,94.67,61.42,38.31
135.93,10.59,23.66,65.92
43.65,15.48,48.35,50.12
189.99,94.47,42.91,60.36
157.27,73.65,7.49,44.1
17.88,88.3,10.62,0.0
83.52,20.26,83.75,60.18
175.82,58.76,23.98,61.63
188.95,70.11,19.5,55.06
93.48,68.01,50.49,42.02
122.68,40.82,76.87,64.69
33.41,1.54,6.19,34.96
198.23,58.29,57.68,76.91
46.33,25.31,11.92,32.98
188.55,45.03,3.65,58.51
129.93,95.76,5.27,30.27
121.55,39.9,83.42,68.77
102.54,83.98,11.8,20.55
46.13,18.85,4.52,31.87
35.31,67.25,43.79,23.45
44.1,97.7,84.4,27.71
37.29,10.19,26.24,44.05
155.92,0.83,42.17,81.13
70.03,43.36,3.99,29.05
11.57,9.26,44.91,35.78
193.82,74.84,57.76,71.78
176.76,91.45,57.09,58.56
185.55,43.4,33.24,69.84
198.98,25.87,31.55,75.27
34.78,43.44,10.66,25.98
79.25,72.34,36.68,27.75
151.65,0.91,9.95,68.53
139.2,58.95,76.66,67.18
30.78,61.33,96.63,37.64
163.17,63.77,97.01,73.02
44.89,24.2,86.51,49.68
44.76,71.41,60.08,31.79
107.39,9.14,70.09,72.39
118.59,19.93,28.52,68.54
116.02,87.75,63.08,41.34
18.3,73.87,45.56,13.87
175.49,1.37,48.2,87.34
53.12,24.84,75.78,55.41
25.9,21.44,28.19,31.72
177.75,27.08,31.8,76.49
191.13,24.76,92.46,95.76
172.43,6.25,5.62,68.56
161.9,45.89,48.56,63.04
131.05,73.27,91.28,56.39
110.17,60.67,61.04,50.77
17.4,67.29,54.64,20.88
81.69,8.11,24.97,50.89
74.54,95.15,34.33,24.43
51.95,83.85,85.2,38.63
144.68,80.51,55.92,51.81
99.18,82.3,51.47,32.59
16.21,93.27,9.96,0.0
44.04,54.43,1.6,15.36
136.65,20.03,96.37,84.52
15.23,61.68,37.7,15.8
170.24,74.29,60.32,61.78
99.03,73.79,7.97,26.08
96.12,52.14,68.31,52.05
118.48,6.85,93.26,86.04
164.94,37.11,57.57,76.58
69.56,92.08,12.61,10.79
135.6,58.44,58.17,63.19
113.15,53.83,76.63,57.81
53.41,26.89,40.64,37.89
175.73,36.84,87.98,89.5
159.49,89.53,64.87,53.94
131.69,66.65,89.92,66.29
170.12,78.74,62.35,55.45
173.46,45.43,13.13,64.68
141.67,63.02,30.97,52.65
167.4,24.84,20.18,64.39
139.49,70.55,90.88,61.9
136.03,42.76,76.04,76.19
123.72,44.25,67.64,62.26
150.54,64.93,30.1,49.61
31.72,93.63,18.4,0.0
176.17,6.4,75.65,95.05
174.37,82.47,47.42,56.97
5.85,29.24,22.58,24.9
165.16,44.39,61.66,69.91
25.77,2.19,4.03,28.11
67.02,30.1,32.62,44.12
148.7,50.26,46.86,65.55
32.15,5.62,14.8,31.89
163.59,49.11,98.47,86.9
166.43,92.71,20.91,43.17
101.49,10.54,13.04,56.86
1.28,76.44,20.35,2.61
57.41,40.97,76.91,42.55
123.39,65.52,42.55,47.81
196.24,26.02,56.54,91.33
126.36,15.95,2.1,52.31
51.96,16.05,3.44,33.39
126.8,7.05,44.58,71.56
108.0,18.56,81.67,65.62
155.97,66.42,88.52,76.77
21.4,88.17,8.67,0.0
152.21,81.41,53.84,55.43
108.25,68.51,91.32,58.24
192.6,11.04,38.8,90.92
68.37,28.92,82.96,60.92
126.52,30.98,13.37,52.23
186.41,25.0,93.54,94.95
20.5,51.5,75.14,37.61
187.45,53.56,94.13,81.64
137.58,35.69,67.66,73.55
13.57,35.38,36.34,23.69
60.19,82.86,93.82,44.15
141.63,78.93,27.56,43.97
13.47,30.78,33.22,29.64
116.43,91.38,70.08,45.55
69.18,95.28,76.53,27.4
124.18,32.67,92.94,74.51
9.15,35.44,20.48,22.66
174.31,50.56,79.8,80.63
194.7,94.11,73.85,70.93
193.78,87.63,6.38,49.21
149.93,10.26,38.72,72.57
26.02,39.27,28.28,24.02
151.65,55.34,30.45,56.49
4.92,50.31,98.29,31.77
4.42,19.39,64.28,44.46
64.72,85.88,71.77,34.78
97.73,67.69,97.66,61.57
154.08,83.79,37.72,43.63
136.66,85.88,80.18,60.02
89.18,74.84,43.45,42.13
54.73,43.92,86.95,47.5
199.42,61.05,18.07,65.73
85.24,16.04,94.77,73.1
90.28,67.36,21.88,27.05
32.72,17.93,32.62,39.27
158.96,69.39,75.62,69.84
138.74,22.96,39.38,65.92
44.15,11.76,60.82,55.86
16.48,16.53,44.46,32.56
136.1,0.2,74.24,82.3
130.9,71.87,22.83,42.06
54.65,73.24,5.85,14.42
190.17,51.49,29.99,66.13
30.21,16.14,47.43,44.93
86.47,8.36,16.8,53.01
188.72,1.91,35.48,91.04
83.95,16.57,40.0,54.64
127.71,89.09,5.74,30.55
79.52,24.15,58.33,55.42
54.84,35.43,88.43,61.35
196.8,10.53,15.17,78.52
81.87,22.24,59.78,64.92
178.82,51.92,66.47,76.72
45.99,60.78,41.93,24.08
42.62,24.54,70.11,54.15
6.23,5.77,41.07,38.07
130.33,39.1,50.46,65.34
73.71,23.42,0.74,40.64
172.87,21.96,69.17,88.21
94.64,95.99,66.13,34.41
193.64,61.63,3.84,59.96
37.11,55.69,36.83,26.01
173.72,41.58,97.9,91.23
155.32,42.89,42.07,59.19
154.18,54.09,50.19,65.02
168.96,69.64,90.99,73.05
152.2,70.21,71.73,68.85
125.24,17.17,58.21,74.04
26.25,50.01,79.78,39.59
6.51,41.2,86.44,40.29
184.17,87.05,45.69,55.11
123.33,63.14,47.51,55.61
159.31,53.25,38.61,67.7
96.3,11.54,96.67,79.69
23.46,60.56,69.72,35.64
25.04,11.72,8.32,28.51
137.11,33.72,86.3,75.8
86.06,14.28,48.06,59.17
40.1,69.21,6.88,13.44
98.32,20.63,54.97,61.1
12.84,39.19,41.72,28.67
116.39,89.57,87.77,52.56
53.8,20.43,20.4,35.83
159.51,50.78,82.65,78.37
62.07,41.93,55.77,46.88
91.04,1.81,5.46,52.07
2.32,79.28,97.18,30.08
14.49,6.9,51.26,39.18
78.5,47.43,29.09,39.67
95.99,56.07,46.94,42.08
120.0,62.84,85.79,58.83
58.33,68.86,30.49,23.03
139.0,25.33,19.27,57.63
172.02,1.0,12.91,75.27
155.97,72.34,29.79,50.07
7.92,53.57,78.0,34.34
96.1,83.61,47.16,34.26
20.99,82.14,22.75,2.19
48.41,84.33,16.62,15.25
197.33,48.51,33.27,69.96
28.5,33.36,93.99,50.2
99.78,79.16,34.3,35.17
123.63,45.13,98.81,74.69
140.49,18.34,48.52,76.18
111.93,85.5,17.92,31.02
1.95,88.26,89.11,17.94
65.29,46.63,46.04,46.83
103.54,7.57,70.97,74.41
17.57,38.78,98.37,46.22
70.13,80.35,5.02,18.6
6.64,90.18,9.67,0.0
15.72,20.35,72.05,45.92
79.38,6.7,28.18,61.18
26.54,87.74,18.43,4.17
113.51,38.94,3.94,42.29
137.89,54.18,2.18,44.07
160.12,96.81,77.45,61.04
40.03,6.66,13.44,33.46
33.5,64.83,46.77,18.81
20.91,7.41,60.59,45.67
127.29,37.55,42.84,55.18
141.3,80.38,2.71,33.61
6.32,43.35,78.35,36.88
187.24,99.72,1.05,37.2
10.39,55.91,76.19,26.77
108.26,32.12,89.33,71.9
141.81,22.01,43.28,72.78
174.19,35.05,53.55,72.51
142.82,37.25,47.7,68.56
160.35,6.87,38.92,82.19
67.89,36.96,88.74,61.23
162.97,46.42,89.39,85.25
16.02,72.27,33.58,19.37
178.96,65.67,61.51,68.77
109.52,70.88,92.69,58.72
163.46,0.84,96.21,99.99
90.46,21.77,50.9,58.35
128.72,66.17,45.28,54.99
105.28,48.4,27.87,40.97
146.32,0.53,95.89,93.87
16.33,80.45,14.28,7.7
12.07,77.28,57.98,20.63
49.42,54.84,28.26,25.95
31.91,6.65,27.9,42.9
174.36,76.65,40.5,58.67
43.84,58.37,99.88,51.56
195.17,78.2,5.5,51.92
67.38,75.17,57.85,36.89
36.42,80.3,8.26,15.25
157.94,51.8,15.45,56.28
131.74,14.03,43.96,70.77
99.64,67.12,51.05,45.9
111.07,62.05,25.88,39.71
143.84,74.23,31.65,54.36
45.69,16.99,8.7,34.66
199.27,19.5,30.32,82.27
194.96,89.04,96.66,74.18
130.07,75.0,94.47,66.44
39.91,90.82,33.49,14.98
136.05,75.87,57.09,51.04
14.44,59.72,90.96,37.19
6.13,65.41,0.62,0.0
51.54,88.91,81.07,32.14
92.52,57.88,94.84,60.62
173.65,63.24,9.13,57.64
145.43,15.65,16.14,62.63
148.54,47.39,96.07,75.49
85.1,71.64,53.75,36.12
69.19,27.09,1.42,30.52
74.21,20.23,25.76,50.35
197.53,31.38,44.99,87.43
8.02,24.15,69.29,41.2
173.41,21.49,73.32,92.51
115.74,42.49,99.54,73.52
87.72,90.78,28.75,23.98
145.05,50.71,53.82,62.57
97.33,18.79,53.33,61.25
174.68,7.7,40.56,79.32
180.14,69.62,16.92,55.19
84.34,38.28,97.75,65.23
55.37,82.18,85.33,38.82
118.47,65.95,49.83,49.34
182.47,79.62,60.32,64.65
42.13,27.19,22.73,31.12
124.59,69.24,54.38,51.19
126.31,26.41,69.5,74.79
146.62,93.91,51.52,43.43
26.31,63.64,99.03,40.14
143.16,32.45,61.13,73.02
181.81,26.95,37.1,75.38
35.94,19.09,77.22,50.75
47.51,69.46,17.05,18.05
194.28,21.87,38.45,79.99
36.2,59.53,34.7,24.67
170.88,26.46,43.18,73.92
98.46,66.2,78.18,55.62
49.45,81.49,48.42,30.38
174.15,77.8,79.4,67.02
89.06,76.09,57.65,41.08
102.96,18.77,34.21,55.46
71.85,8.84,81.0,70.8
118.59,69.89,23.83,35.47
32.7,36.83,22.44,28.78
78.22,43.23,50.45,44.0
193.88,3.11,26.08,85.83
51.63,25.96,0.91,26.79
131.35,3.37,64.83,83.71
65.04,87.92,51.11,23.65
154.69,24.34,44.55,74.98
26.17,55.73,96.7,41.06
193.96,3.9,57.12,95.76
90.76,66.68,86.34,53.15
47.21,32.3,13.95,28.12
14.7,89.79,56.92,13.84
33.95,88.81,86.8,33.12
103.95,32.53,58.31,58.07
67.4,90.1,71.8,36.13
165.78,99.62,37.2,49.96
86.18,82.54,9.24,18.27
49.74,84.49,45.79,17.11
123.43,24.9,39.45,63.63
141.36,57.67,86.71,68.77
33.41,6.73,24.4,45.21
33.52,9.49,96.67,61.82
7.33,99.89,95.81,17.35
147.28,32.66,24.76,58.31
132.76,74.82,34.81,48.15
94.93,80.67,89.56,47.87
168.83,85.8,96.66,70.73
161.13,99.76,44.34,49.27
117.07,24.15,32.1,57.42
173.65,4.04,52.61,88.79
41.17,41.12,68.78,42.86
22.38,13.01,27.35,37.13
53.95,2.24,73.65,64.59
11.42,36.04,5.17,15.49
106.23,78.37,4.93,26.73
187.32,56.62,38.63,67.18
7.87,31.28,35.35,22.2
24.42,65.43,31.56,17.85
90.44,23.2,49.1,62.9
186.78,1.44,32.07,84.36
63.23,76.44,19.23,17.49
101.45,62.37,30.95,36.99
8.31,76.23,97.49,31.73
29.67,3.89,41.11,46.33
197.33,83.71,44.47,62.2
193.02,61.95,57.65,71.2
0.99,56.34,98.33,35.61
190.36,62.46,24.16,57.6
127.82,86.44,68.13,50.17
173.58,58.69,71.6,76.83
90.95,58.1,60.73,44.07
103.12,99.07,8.86,14.46
97.77,75.67,67.69,50.02
133.37,44.23,6.41,45.75
27.93,70.74,59.61,28.42
5.99,38.92,73.96,35.09
61.59,22.89,21.1,39.81
140.94,59.69,84.16,70.03
40.37,92.82,3.04,0.0
134.69,92.91,84.38,54.8
193.98,34.19,46.03,79.91
18.78,52.77,21.76,13.21
134.52,21.16,13.38,59.92
88.75,99.56,95.33,41.73
173.63,98.11,7.27,38.19
35.43,64.95,19.91,12.98
138.53,80.44,34.78,49.12
167.62,71.51,62.02,67.24
188.92,59.32,54.48,75.68
136.65,5.33,12.56,64.34
99.43,45.48,28.97,39.64
123.57,67.48,23.88,47.46
173.78,67.75,21.35,54.56
114.12,37.31,41.11,53.69
6.08,94.17,70.4,14.7
186.19,16.74,21.75,81.23
137.91,50.04,36.67,56.26
135.3,69.09,39.09,52.98
43.14,69.71,97.65,45.08
131.78,64.86,95.47,64.57
78.77,27.53,80.01,60.18
130.25,15.62,24.17,66.14
21.32,63.59,6.8,0.84
131.57,59.93,31.69,48.76
199.88,17.94,26.68,78.4
9.64,70.51,50.59,15.66
195.43,45.52,77.77,86.42
81.38,66.78,85.83,48.8
174.15,83.74,84.49,67.32
156.48,16.97,35.97,70.58
113.4,1.91,68.72,84.89
147.69,77.91,31.28,52.36
175.7,60.97,6.09,49.49
80.83,69.96,70.16,48.24
65.41,83.82,0.98,10.58
133.52,80.28,40.92,45.36
161.57,96.09,32.94,44.07
152.46,53.59,69.34,67.53
159.56,48.85,76.62,78.59
87.12,40.19,30.41,44.23
163.57,15.37,81.16,89.5
24.04,57.26,29.39,15.46
108.9,27.7,44.63,56.57
1.15,92.13,72.7,8.65
64.92,58.32,69.29,43.23
73.29,59.28,98.74,51.0
79.23,35.49,22.52,40.11
139.09,5.2,66.23,87.28
77.71,3.17,60.97,68.66
89.74,42.33,91.51,63.23
47.51,8.46,15.64,39.83
74.65,60.68,75.18,52.54
45.45,88.1,56.83,24.0
14.64,88.29,27.47,3.35
120.69,65.9,47.44,44.65
133.64,21.12,33.38,66.26
123.9,86.3,57.93,47.92
92.7,88.61,88.9,43.84
75.96,19.67,56.93,57.89
172.67,73.74,63.17,64.45
103.82,28.65,51.87,59.23
95.84,80.26,5.12,15.51
5.13,99.72,23.29,0.0
68.25,3.0,49.2,61.62
76.04,89.74,31.02,20.22
79.76,62.26,18.18,29.65
116.03,97.34,50.41,34.37
106.72,46.5,32.28,48.62
121.58,84.74,25.81,34.45
152.98,6.24,46.4,77.49
162.6,33.53,13.33,66.05
143.62,6.7,92.77,95.14
191.1,97.53,86.77,67.4
3.65,81.7,70.76,19.11
39.16,85.25,10.62,8.58
1.51,93.8,77.59,16.54
129.49,8.51,80.8,78.8
179.61,38.56,76.78,88.23
48.7,7.1,11.4,37.87
185.41,21.08,64.39,88.44
12.05,22.94,83.43,54.27
186.89,46.91,57.74,78.88
70.32,26.86,64.64,54.01
20.28,10.1,45.84,34.89
97.17,16.75,52.87,66.93
51.36,14.73,3.44,30.85
56.97,97.31,63.9,21.41
61.46,75.93,8.14,14.97
160.61,96.78,43.5,51.36
107.83,43.97,29.27,50.17
62.26,27.84,54.54,48.84
122.07,79.83,13.34,34.04
143.23,32.63,69.16,73.04
54.52,29.94,79.5,54.75
82.71,23.25,16.34,44.77
24.38,12.97,10.43,33.14
36.23,25.65,14.55,32.96
136.22,35.53,87.71,79.19
36.29,67.4,52.82,25.36
105.03,6.26,46.73,69.21
141.81,21.05,10.67,59.85
21.38,80.9,64.96,17.78
113.46,14.69,86.8,77.75
51.31,34.26,82.82,53.1
192.59,86.47,62.61,68.83
96.71,15.49,7.53,48.05
161.2,8.27,11.24,66.96
110.05,48.45,4.93,39.15
8.68,30.24,25.75,24.52
126.63,56.34,13.57,43.95
190.28,80.38,26.0,58.82
120.32,13.71,38.51,68.86
163.84,58.07,94.3,77.2
176.84,50.55,61.04,72.99
45.62,14.41,83.5,55.9
42.41,62.4,71.04,37.99
122.2,27.36,11.25,56.76
82.21,48.78,73.59,52.08
167.97,8.23,27.51,76.98
180.0,45.96,63.91,82.79
70.68,30.65,34.1,45.57
47.37,82.24,99.77,40.25
156.11,5.7,26.36,71.41
54.96,41.86,27.91,35.45
164.52,45.84,93.07,80.64
84.75,72.5,2.46,18.57
133.51,57.43,69.67,61.81
19.11,66.72,72.53,26.45
124.77,77.7,83.64,56.51
90.35,86.22,97.44,44.39
117.32,31.39,97.56,80.02
33.6,53.8,6.53,19.44
147.37,84.01,82.18,54.8
172.56,98.95,64.63,59.33
43.35,88.95,64.73,21.62
19.14,37.15,12.83,22.92
4.73,19.52,65.02,39.51
128.39,48.94,98.25,73.88
121.42,74.16,91.18,59.44
109.34,49.26,43.91,54.59
46.39,48.32,3.99,17.19
78.18,83.82,36.23,28.45
118.9,36.14,82.64,74.31
99.35,85.98,70.15,44.74
197.56,40.68,45.93,86.53
27.29,32.82,5.51,20.34
139.03,45.4,42.69,63.21
80.86,76.24,46.9,33.36
85.64,12.6,92.86,77.61
143.52,19.64,64.11,78.21
138.49,95.14,31.17,36.43
198.25,17.55,52.53,94.57
25.68,56.77,6.61,11.26
20.82,57.93,97.26,35.7
144.87,48.96,36.01,56.93
115.68,64.47,47.79,50.04
54.83,22.98,35.53,47.16
15.88,55.27,68.25,30.62
17.13,37.22,66.22,40.8
178.84,66.17,71.53,68.75
38.37,14.12,26.81,37.63
64.67,57.09,31.57,30.65
45.33,18.53,12.53,34.32
71.0,27.86,65.55,55.52
13.88,21.87,3.98,23.92
103.81,18.28,59.77,64.91
13.52,82.57,86.97,25.66
160.07,28.57,89.08,87.33
46.74,92.71,44.9,14.45
108.0,96.99,45.93,32.74
176.02,57.13,7.7,54.61
130.18,14.3,67.08,76.98
106.59,37.45,82.13,66.99
64.87,79.77,24.47,20.9
66.6,36.74,42.13,41.87
133.9,8.7,83.88,89.85
198.83,55.68,87.71,84.07
132.37,84.51,24.32,35.57
111.56,79.59,55.06,51.95
146.13,17.51,19.25,62.31
93.04,67.28,10.19,24.69
12.03,22.05,91.11,51.35
112.46,21.82,82.05,68.22
191.53,87.41,76.0,69.03
35.06,24.97,4.88,33.33
138.0,26.32,84.37,76.0
40.19,0.07,43.8,44.3
107.17,87.07,34.24,28.38
19.34,79.26,54.65,20.48
90.07,62.73,9.14,32.68
151.23,75.03,75.66,61.51
69.51,15.2,58.24,59.37
132.98,45.83,18.66,54.96
159.09,35.12,18.82,67.58
185.44,9.38,18.42,78.52
46.93,48.61,5.7,14.59
79.86,92.07,58.78,28.72
30.48,4.01,84.03,57.62
198.5,29.15,1.75,69.29
185.4,20.75,4.9,70.03
107.99,23.81,57.28,67.87
168.41,90.84,81.95,67.68
104.19,46.81,32.67,46.33
124.72,46.63,34.96,56.68
17.82,76.06,59.63,21.25
151.05,15.45,27.42,70.39
25.54,48.73,2.66,17.21
165.21,43.0,73.52,78.66
156.41,59.69,62.56,72.31
141.75,99.96,58.08,40.98
7.23,76.94,74.17,19.97
60.63,39.79,67.52,48.08
52.62,82.76,20.59,16.19
72.03,17.07,35.25,53.76
17.53,3.05,12.61,32.71
187.39,20.44,12.99,69.59
110.76,34.04,67.62,67.24
61.1,51.06,85.86,52.45
79.4,61.51,96.27,48.84
89.44,91.06,62.83,35.54
120.12,50.99,18.41,40.38
103.14,50.13,10.57,36.22
183.88,5.02,81.29,97.88
99.39,3.49,57.88,72.45
198.43,55.12,61.83,79.75
170.28,43.82,78.15,77.18
41.7,83.92,70.33,29.93
186.12,16.07,83.45,93.41
23.27,2.5,5.62,33.36
163.49,44.9,74.75,75.19
76.12,23.75,85.09,63.42
175.59,4.96,28.61,82.95
173.61,72.46,64.04,68.14
161.19,11.16,31.42,79.96
158.01,60.83,95.8,76.53
60.94,28.1,3.34,33.37
16.18,17.35,57.98,40.18
80.6,37.98,16.65,39.01
34.7,80.14,71.22,28.37
138.99,39.21,17.59,54.35
69.22,75.08,23.54,17.97
195.12,12.55,49.44,91.68
128.19,77.28,91.48,61.9
164.5,23.69,21.17,66.79
26.5,67.74,14.42,7.44
172.4,56.58,75.9,80.49
184.55,92.91,50.06,58.86
97.41,38.73,91.18,66.05
121.25,6.62,14.66,57.72
152.96,1.92,64.59,85.31
34.97,82.69,23.29,14.73
100.51,52.47,15.68,38.63
79.73,77.52,68.34,38.08
29.27,23.44,59.37,44.82
73.51,34.51,75.48,54.18
13.63,3.01,30.95,42.08
5.16,96.15,44.8,8.3
27.03,66.79,40.55,18.77
192.62,93.32,98.41,73.08
109.91,26.55,29.22,47.18
193.16,61.15,29.48,60.84
86.5,67.85,35.45,30.76
62.36,31.75,56.46,48.87
101.23,84.81,25.23,28.21
87.9,94.72,91.53,38.87
21.13,88.49,26.57,4.95
128.17,73.91,89.58,62.98
43.21,27.75,10.35,31.45
123.92,28.16,65.66,64.31
130.04,96.34,90.7,53.44
30.4,1.03,16.87,34.37
12.27,71.6,96.83,34.92
156.15,70.62,45.29,58.73
91.96,62.27,94.57,54.66
11.63,99.01,67.68,9.99
198.97,31.19,30.16,77.13
11.56,34.0,18.83,14.58
139.01,7.89,30.37,71.65
196.74,44.28,9.3,65.42
47.84,26.1,14.39,35.99
28.45,34.34,10.47,19.97
24.28,83.46,42.29,11.76
60.66,93.55,79.56,27.37
20.21,18.57,14.14,25.11
138.43,37.25,13.03,50.23
12.46,92.86,64.34,16.78
101.88,6.18,19.72,55.39
199.34,9.24,9.76,80.8
162.79,16.28,16.68,68.59
123.04,59.52,92.37,62.59
61.25,15.05,82.15,62.21
124.78,96.81,35.41,36.28
105.41,44.67,65.58,54.9
85.22,50.15,53.73,49.42
26.14,24.67,67.71,42.07
177.32,47.1,68.27,77.15
89.96,66.19,62.87,46.75
38.92,75.12,26.61,13.88
73.55,75.39,3.9,18.31
82.83,57.79,45.56,39.87
165.51,90.44,89.1,65.88
146.72,81.74,56.95,46.1
153.86,75.7,83.24,60.46
2.21,5.56,99.16,57.08
83.23,0.69,16.36,56.39
96.27,21.24,69.18,63.29
3.84,66.35,67.43,21.71
51.96,41.12,98.0,56.17
152.06,40.24,98.56,85.9
27.42,88.46,68.67,14.95
107.06,89.56,24.36,26.08
43.04,90.92,79.86,27.06
2.42,31.39,10.7,19.29
48.24,69.11,78.07,44.72
195.17,27.16,91.02,97.77
160.31,19.06,38.28,70.67
191.92,18.46,63.06,93.11
97.57,34.21,43.01,57.05
21.95,43.0,43.78,29.14
109.59,83.09,31.04,31.32
90.88,11.99,76.21,73.15
168.87,73.49,93.62,76.31
19.62,53.15,94.08,37.32
97.65,28.79,17.48,48.14
30.01,49.28,87.47,45.66
64.94,29.99,73.74,58.93
147.47,59.61,25.28,51.53
95.2,43.38,6.73,36.25
75.18,16.44,26.8,52.06
78.9,11.66,91.22,68.22
91.89,54.67,63.32,51.53
157.0,90.24,72.11,53.63
178.42,34.4,25.72,73.31
191.07,73.3,71.94,72.89
157.38,65.87,2.81,48.74
63.08,93.16,37.53,20.75
137.63,82.1,62.68,48.72
87.52,56.66,14.61,36.92
50.93,65.7,82.3,45.28
168.17,89.84,23.5,48.12
7.69,39.95,65.23,30.56
180.35,32.68,40.52,75.13
92.3,1.08,59.6,69.94
127.44,82.66,10.75,30.6
131.87,80.1,1.69,37.1
179.02,10.45,90.96,100.0
127.33,57.69,26.96,39.25
122.79,46.4,81.97,69.0
13.33,11.87,99.94,55.16
103.68,98.06,21.14,23.31
30.03,21.47,26.52,32.63
147.49,6.72,66.29,87.37
102.44,59.48,96.54,65.33
136.05,73.89,91.58,65.17
8.33,3.24,50.29,41.17
16.96,65.87,79.51,30.04
143.26,53.23,13.57,49.29
14.42,10.33,97.74,53.98
14.25,17.25,96.44,55.03
2.42,56.8,16.37,10.71
191.3,29.64,29.94,81.51
147.5,93.83,10.02,37.62
70.65,81.87,27.17,20.31
59.31,98.36,81.6,32.8
69.94,25.97,37.83,43.97
154.93,96.97,8.84,36.45
132.27,43.12,34.22,55.05
37.04,34.75,98.14,50.5
34.82,5.03,62.97,53.83
19.68,5.28,41.62,33.8
132.06,69.2,16.65,35.76
152.87,45.79,98.62,81.43
53.01,22.65,82.08,57.75
4.19,61.4,28.15,10.74
16.43,25.29,7.01,17.5
193.57,57.76,5.66,56.61
59.09,35.92,12.04,32.92
153.84,82.36,58.08,57.11
124.93,82.07,92.88,58.47
76.39,47.74,49.67,47.62
41.14,35.08,84.29,51.35
24.28,36.26,44.59,30.05
123.0,80.57,70.86,50.66
154.93,32.82,73.19,75.12
128.78,20.91,17.4,58.36
106.06,8.47,36.12,66.37
8.39,46.67,63.73,32.06
193.7,48.21,7.07,67.38
159.74,84.09,36.15,48.43
58.56,22.12,53.48,54.14
195.99,38.1,99.62,96.7
120.38,80.84,47.45,47.59
116.48,82.36,81.61,52.37
149.61,38.46,43.21,68.22
162.35,45.91,79.64,82.92
131.3,30.33,59.54,68.71
25.62,93.26,88.66,25.76
67.65,11.86,41.09,56.45
185.62,93.37,60.43,60.43
44.92,68.39,63.0,27.79
74.43,53.16,41.74,45.43
86.42,3.27,14.43,51.16
87.88,47.56,9.36,35.0
122.59,40.77,1.67,47.83
188.62,16.12,87.35,97.81
48.14,65.64,23.65,18.08
24.3,97.12,21.15,2.43
39.49,56.22,73.6,32.87
177.38,71.48,32.0,56.88
129.16,6.85,50.6,75.49
57.18,41.77,16.25,29.53
163.19,11.64,95.97,92.35
172.27,61.28,85.16,81.98
169.3,93.85,86.38,64.69
183.79,66.18,40.68,68.62
50.45,7.68,76.24,59.82
151.01,35.47,14.39,55.77
92.11,55.07,0.86,30.95
168.4,40.32,2.0,56.82
145.7,83.36,58.66,49.35
155.29,81.47,45.54,56.51
131.23,61.18,51.8,53.21
35.49,37.35,0.75,15.46
109.01,25.53,42.27,63.33
196.93,10.59,71.81,97.58
187.48,35.49,44.27,76.35
8.63,41.32,73.22,29.85
32.96,67.58,23.3,21.23
26.35,65.82,81.31,29.52
145.2,7.01,58.84,82.0
163.56,39.53,21.08,65.26
42.7,18.18,23.67,38.89
101.17,15.68,62.8,67.29
168.14,82.73,82.99,62.09
146.56,4.19,41.56,75.32
108.45,41.92,25.83,48.27
118.07,16.82,86.7,77.05
101.67,87.93,66.93,42.08
59.51,55.7,44.81,36.88
113.0,23.14,48.79,66.35
137.78,50.24,20.43,47.34
174.66,73.15,62.68,72.76
127.26,95.81,35.87,38.01
152.22,22.04,99.56,91.1
32.01,88.62,48.02,18.92
92.31,93.43,48.59,37.99
1.87,91.64,56.59,4.49
49.34,63.54,91.68,43.33
145.29,62.98,80.08,60.24
198.36,40.32,45.11,80.23
19.84,75.24,71.87,26.06
80.3,53.13,58.62,45.94
160.01,67.74,49.24,57.85
40.81,42.85,19.23,20.15
111.02,73.15,46.39,44.25
146.61,82.45,24.58,46.95
123.2,14.64,91.48,81.43
37.6,83.29,33.54,15.93
71.08,54.03,95.23,50.14
156.76,84.47,53.31,55.22
110.85,43.13,63.15,58.68
1.05,37.9,54.29,25.98
152.2,91.51,12.94,34.7
7.06,25.12,37.58,28.28
149.15,84.42,9.91,39.0
40.5,48.4,62.3,33.94
191.61,51.41,44.69,72.23
73.59,30.85,77.8,58.65
65.39,57.3,22.05,25.29
29.78,32.52,16.46,31.64
61.12,3.93,40.63,51.06
175.33,27.2,92.66,91.4
199.27,0.64,71.04,100.0
73.66,97.84,41.89,27.25
89.72,96.57,51.73,31.64
144.41,39.52,8.42,50.31
177.24,72.84,98.46,81.77
118.61,34.58,66.64,67.0
78.31,67.11,28.54,31.33
82.52,80.54,58.58,35.21
139.12,94.68,10.95,29.23
0.64,40.02,96.58,41.89
123.92,78.33,17.48,33.89
71.1,26.59,64.8,60.99
158.84,99.03,24.55,35.89
18.6,2.58,71.76,56.8
117.64,60.35,77.68,59.53
96.19,65.95,67.34,49.32
128.47,68.8,61.45,56.99
12.97,12.04,89.25,50.73
116.0,93.85,7.86,26.92
112.3,18.12,33.09,52.02
112.13,62.28,24.83,38.52
120.7,22.27,98.8,79.18
135.29,30.72,38.94,59.91
161.0,54.65,73.26,72.11
53.96,41.72,68.47,47.33
165.01,16.02,21.21,74.01
99.65,17.09,23.9,54.78
15.41,41.81,28.13,20.43
11.71,75.73,41.11,13.77
66.85,89.8,23.43,17.47
156.98,8.41,1.97,69.19
141.54,39.31,87.94,80.16
157.72,10.02,96.56,96.34
103.45,1.66,34.16,61.58
88.04,66.17,33.85,33.38
29.49,60.24,0.71,8.94
65.64,16.3,68.03,58.01
86.8,23.38,82.54,67.64
17.72,2.37,14.66,35.9
44.12,83.49,15.97,10.58
119.65,97.47,79.01,46.79
147.13,13.55,61.63,81.2
199.67,23.15,4.49,72.0
186.62,86.84,62.25,61.4
128.51,92.65,30.89,30.4
84.25,41.96,36.87,42.36
127.24,5.06,76.97,84.75
157.13,3.94,81.09,91.34
23.67,57.39,40.04,21.91
81.98,39.29,94.72,64.73
167.96,2.87,40.65,85.51
76.77,58.33,77.18,45.79
114.37,1.13,48.39,75.07
117.55,78.74,89.75,60.1
36.9,30.64,90.78,49.35
72.45,4.03,8.74,44.08
66.9,58.84,93.65,54.92
5.24,39.77,82.55,37.33
4.84,97.38,79.13,8.01
166.34,54.42,20.09,53.13
54.61,27.52,80.51,54.85
103.62,70.94,85.01,50.77
59.75,27.15,28.92,39.42
188.14,90.42,95.23,73.89
51.86,37.47,4.99,31.26
85.93,54.99,14.99,32.09
174.55,5.06,53.76,92.37
168.39,42.61,57.58,78.67
37.22,83.24,64.52,28.74
160.53,80.56,1.7,40.73
91.64,22.43,96.04,66.98
96.59,22.61,4.46,46.26
26.7,81.73,14.31,9.14
16.12,93.04,1.4,0.0
145.59,9.54,56.69,85.51
99.29,45.01,93.23,68.11
87.37,33.75,66.59,59.66
145.9,87.07,82.27,62.35
153.1,8.35,1.33,66.12
31.78,21.11,54.2,35.74
122.05,75.25,45.96,43.79
27.07,5.13,49.9,50.19
150.28,49.25,7.22,48.25
131.39,44.21,68.44,66.22
191.32,33.44,50.32,78.83
13.79,39.46,76.51,43.7
11.41,52.99,48.53,28.63
56.44,16.14,14.94,36.8
